"path","sha256","size","lastWriteTime"
".config/.psscriptanalyzerrc.psd1","4dbcacb5a5c9682a59e9e92489c979ad11148d43788e0f6ea99794982829631c","329","2025-11-01T07:38:00.0000000Z"
".editorconfig","c8bd9b4c52b2bcecff6cc1663dd699e026e5160f99c632cf1a4694fcb4993baa","133","2025-11-01T07:38:00.0000000Z"
".gitattributes","9ec7287dba0f2bc5c4c4f735625cecead3fcac1dccda1e2c3e3b12875bd0c8fb","745","2025-11-01T07:38:00.0000000Z"
".githooks/_bak/pre-commit.local-20250918-054137.bak","750ecea56f18674be9267701e69f72c61906d30b64348d7e8faec9a6cd04ec11","474","2025-11-01T07:38:00.0000000Z"
".githooks/pre-commit","e5e6e420af6d5a4b7cdd667c42bc62f5cf1a14cebba6c410238c41e3d8964110","433","2025-11-01T07:38:00.0000000Z"
".githooks/pre-commit.bat","080e9f5892535231981345dde09cfc3f701a6f9989ba31e29070e606c1339749","315","2025-11-01T07:38:00.0000000Z"
".githooks/pre-commit.cmd","080e9f5892535231981345dde09cfc3f701a6f9989ba31e29070e606c1339749","315","2025-11-01T07:38:00.0000000Z"
".githooks/pre-commit.ps1","03451f0311a8a93b3fda6ef6a7311416e52fb6b35f3eee2fa74b3c56fd75f69a","903","2025-11-01T07:38:00.0000000Z"
".githooks/pre-push","5f25a32414ce7c1dfc85e3d5378fe8459dec8870facde5f7abd9ad4961139d79","410","2025-11-01T07:38:00.0000000Z"
".githooks/pre-push.cmd","664f1f0f3fa05820212ef34f73731d50709f98f072d44b9faeeca42de3f73e1f","313","2025-11-01T07:38:00.0000000Z"
".githooks/pre-push.ps1","eacf229753b8e2e0ca54574b0a75e81c6dfbc4343de87dddcb7e4895f2eadeee","1517","2025-11-01T07:38:00.0000000Z"
".github/actions/zip-fetch/action.yml","69d66674df801a70d56d882ec974b68fc956bb5d8a690872cdf068f329f50215","2100","2025-11-01T07:38:00.0000000Z"
".github/pull_request_template.md","97c3923c96f836ddbb49c126157d35bfef20adab5944b481a618671c15f8f1bf","381","2025-11-01T07:38:00.0000000Z"
".github/workflows/ak-apply.yml","19c068c77af9635d8ddce2ce8521f892e30fafc429f3615358de8f0500f35e99","6820","2025-11-01T07:38:00.0000000Z"
".github/workflows/ak-auto.yml","fa96c89614dd76563ffa8211c3938333035aaabb7c8c0b93205fa626cf2ff515","12011","2025-11-01T07:38:00.0000000Z"
".github/workflows/ak-commands.yml","a9e41bd53b88718fb84688a4b281db0553a1aeb33e2f82596bf363113a71bef2","5860","2025-11-01T07:38:00.0000000Z"
".github/workflows/ak-dispatch.yml","2033be11187578a1d55a5574b20e90b8b59f450dcaca93d7bf055527996e688e","6973","2025-11-01T07:38:00.0000000Z"
".github/workflows/ak-exec.yml","fdcbb256c7331d5629876ae4840cb495e4b51bea6e01ba49fcdcf4c163a0bd51","6340","2025-11-01T07:38:00.0000000Z"
".github/workflows/ak-loop.yml","9ec0180ebb516aa4adaca02e7db63598157834eb1f5c6a77a768079310116621","3345","2025-11-01T07:38:00.0000000Z"
".github/workflows/ak-run.yml","ce3b17c94c982ce88e29b91dc3982f874c71819854a34cb88c331acdf3098aa9","7221","2025-11-01T07:38:00.0000000Z"
".github/workflows/ak-script-headers.yml","e7d2ad38a074983da4118210437ed23d4570ec1e3734690d2b1980628b53019b","3627","2025-11-01T07:38:00.0000000Z"
".github/workflows/ak-selftest.yml","1e2afe440d2ca342926ed4ca6d03d2ff8518bfb7a85c9984a52f6a486f441f1a","6883","2025-11-01T07:38:00.0000000Z"
".github/workflows/ak-workflow-headers.yml","c990e5367a0eafc433f763f65c70cc75c9b4c229be12e710f9c31d280923aaa0","3858","2025-11-01T07:38:00.0000000Z"
".github/workflows/ak-workflow-inventory.yml","74faca3a6dad996c50e49a26018f49caa6571a75ef18818756e5164f2b680f02","2625","2025-11-01T07:38:00.0000000Z"
".github/workflows/auto-github-release.yml","042fb1e1ec99fff464d9e50f436107867934b368168684e074e08dc46494181a","4164","2025-11-01T07:38:00.0000000Z"
".github/workflows/ci.yml","7b421516f282516266f75e72e6a79f91e10a50c0675896ea969f30cb421bd56b","3093","2025-11-01T07:38:00.0000000Z"
".github/workflows/contracts-ci.yml","108c14fcc2073fa0420cb6fd90be3b3b619b39cf6de3eb92da04fac67edda091","825","2025-11-01T07:38:00.0000000Z"
".github/workflows/dispatch-on-release.yml","2138852f67a0fe7c567c8ed0a9d97fe4eddf2fcfcfa98d6558726db4fa5a948f","706","2025-11-01T07:38:00.0000000Z"
".github/workflows/guard-flush-queue.yml","43682eaa92e7f6f14aa27f6b9cff3eaa7ee11111fcb3aa0e52dc30fcca5c5bb1","1333","2025-11-01T07:38:00.0000000Z"
".github/workflows/guard-logs-ignored.yml","244a5b8f7cb24218d2db7c16b3ead3bab8e0f767b235e49b2cadaa09ca1e8792","1347","2025-11-01T07:38:00.0000000Z"
".github/workflows/guard-readme-badge.yml","b46c79024369200f11fe43e2c958c92229f3a6ab73d38a0dd9aa2d460be1eeb4","715","2025-11-01T07:38:00.0000000Z"
".github/workflows/guard-sentinel.yml","d3aee76392221c0e7e3ddf6e05b375cc276857c01b6c03fec646dbde5d417b76","881","2025-11-01T07:38:00.0000000Z"
".github/workflows/health-smoke.yml","abbfe8e8b103d2d99857ece0c75333073008de70b30eb095027debdae7d5f065","3898","2025-11-01T07:38:00.0000000Z"
".github/workflows/housekeeping-smoke.yml","5a18ddf5dffffca9467c5e3852e87397ce6ea61ee8d55f71aa6d56a8a5568586","5160","2025-11-01T07:38:00.0000000Z"
".github/workflows/inventory-ci.yml","e484c219ce70ed83dbd36d7d39475f7fe6546dc2a333103c6ceb64f13d64bb20","3594","2025-11-01T07:38:00.0000000Z"
".github/workflows/klc-append-release.yml","8671ed2cebc10fd30a79dad04253d31026c6c12ddc310ae012e37ef357019867","3521","2025-11-01T07:38:00.0000000Z"
".github/workflows/klc-nightly-aggregate.yml","a529b94333224eea5b4a5ddd6c04e5c879ebc0298bbcc01fb2c0e6080700bbfc","1484","2025-11-01T07:38:00.0000000Z"
".github/workflows/klc-validate.yml","7978f099292f9def453eb899918da306f21fb69a4c9922e0ca106addcc11fa7e","1376","2025-11-01T07:38:00.0000000Z"
".github/workflows/klc-verify.yml","e20e4d5b008b14c71c2fe210824cc04f75ef32d36e1b92430ada682a7f5517d5","602","2025-11-01T07:38:00.0000000Z"
".github/workflows/lint-actions.yml","0ff2c3e1fa852c00b53defacd33132482aab09871c25815af131690c80a65b8c","442","2025-11-01T07:38:00.0000000Z"
".github/workflows/post-release-canary.yml","87dc8750c783cb83d727e2f811d9794237bfac13c478c1750c88b549279f2bb2","2788","2025-11-01T07:38:00.0000000Z"
".github/workflows/protect-manual.yml","779d53648bbfc1c4bf962e7322562f4af396cf0cb298f394345851aea3a0ffe0","1973","2025-11-01T07:38:00.0000000Z"
".github/workflows/psanalyze.yml","e6971ce4e2159976018d29b6e7ae927be292a038b5b26985bc1305b371f2cf62","9624","2025-11-01T07:38:00.0000000Z"
".github/workflows/release-docs.yml","87a4bcb071c71725b104b704f82ef51ea7bc82dccadc31fd2f737e3237868a71","3384","2025-11-01T07:38:00.0000000Z"
".github/workflows/release-one.yml","d4372571bf84dd66d7ee3de93fb8c0376e2ea630f7160207d9bcc3c015222872","7389","2025-11-01T07:38:00.0000000Z"
".github/workflows/weekly-auto-release-smoke.yml","e5a61368d66733ad3436004ffbcb5a7e189013e4dc741c01c53ce747c7f3a1be","3917","2025-11-01T07:38:00.0000000Z"
".github/workflows/weekly-housekeeping.yml","60679808556974b3114f7442649ab075550c467fb0428e36939c6a49a12560b2","2267","2025-11-01T07:38:00.0000000Z"
".github/workflows/wf-allround-tester.yml","a080f9d50f04a7a690b806c44a37d56f30a8ed3ade00f6aa5c254ff1a5610f42","7571","2025-11-01T07:38:00.0000000Z"
".github/workflows/xp-summary-artifact.yml","871038ac59e4f7e605ddd2d59ec287d22ad92372e0b8e396f4684631613bd0b2","3592","2025-11-01T07:38:00.0000000Z"
".gitignore","e4df1cb80cd63866abd75863535f433718b3133e041c4867020360ffe739317c","465","2025-11-01T07:38:00.0000000Z"
".kobong/archived/patches-20250924-135817.txt","23770d99049b605560de730b74db1bdf9c60f7a3043864d753ef43967a74dddc","6137","2025-11-01T07:38:00.0000000Z"
".kobong/context/context-latest.json","8be38722823d398efa9df2757f7f117c0f0d85562b84e97ddc8e37d2272b4567","891","2025-11-01T07:38:00.0000000Z"
".kobong/context/context-latest.txt","83b3a588a1e476dc50abaf53834f3cfa6fa5ea94191d593b1c66bc50f79fad57","240","2025-11-01T07:38:00.0000000Z"
".kobong/DocsManifest.json","858c8a89323768169ec2d53d009521b563712b1cd841e66ee27e7ac02e3d398c","478","2025-11-01T07:38:00.0000000Z"
".kobong/policy/klc-security.v1.yaml","d875b42532f1b54621525b9bcf002c8b0ec05056649b06123ee298e98b6360ea","2702","2025-11-01T07:38:00.0000000Z"
".kobong/reports/ERROR-KB.md","26fbc25187e8f1e3cf29e9f0b286c4b5f7d0894f09e0672298210510f50c4c4c","5768","2025-11-01T07:38:00.0000000Z"
".npmrc","e8b8f3df141b40e1c6611ea528b87a5094365e08c293011f81bb21ddd6ccd5ce","25","2025-11-01T07:38:00.0000000Z"
".pr-artifacts/xp-summary-20250915-125039.md","a236e46542949f65168462eec7e0dad1e1061e6986d8bb13f3db1e73eacfbffe","126","2025-11-01T07:38:00.0000000Z"
"AUTO-Kobong-Monitoring/AK7_CarefulFix.ps1","3b542502da3c343ad2d48bd5db6acb8c994453c54f564efdbf3f9b6ce79b7d5f","8229","2025-11-01T07:38:00.0000000Z"
"AUTO-Kobong-Monitoring/ak7_patch_apply.ps1","bd8feb243deeb871d162d5a9f79a60978f0c9c9ae74f5bdecc61fd3a6a60bb0d","1514","2025-11-01T07:38:00.0000000Z"
"AUTO-Kobong-Monitoring/containers/ak7-shells/Dockerfile.windows","7ffd57a4a19cf590e1804a56bf63b46ec101c2a7e5250e51e146e3bcacbd09a7","1307","2025-11-01T07:38:00.0000000Z"
"AUTO-Kobong-Monitoring/containers/ak7-shells/package-lock.json","462543bcbe4b2ed257dd1a1fc1005a9eb514caca72a5fe254088b9d2d8ad4d7c","2469","2025-11-01T07:38:00.0000000Z"
"AUTO-Kobong-Monitoring/containers/ak7-shells/package.json","6b2add9a14cc71e0ecead689a0c88dbcfdd29266a14529280560335a7ebeba69","205","2025-11-01T07:38:00.0000000Z"
"AUTO-Kobong-Monitoring/containers/ak7-shells/server-ak7.js","983b3715e24e79401b4e4f4bac0ed3cb0a3d53974bf9f046e664a4c30f7da99b","5465","2025-11-01T07:38:00.0000000Z"
"AUTO-Kobong-Monitoring/containers/ak7-shells/server.js","108a4f28f32349e5e65e526fe3bcb33d3f3c97cd2e47226c0f3053edee7600bd","5464","2025-11-01T07:38:00.0000000Z"
"AUTO-Kobong-Monitoring/Deploy-AK7-WebUI.ps1","0930bc624fd781700964b5b88621b5792aac02ccd94c5213b5cff8230646c0c5","1481","2025-11-01T07:38:00.0000000Z"
"AUTO-Kobong-Monitoring/README_AK7_CarefulFix.txt","26f94a0cdab01e140301d401fd8c87e2d4203b95f9748082ad20955ea0f8ea37","2024","2025-11-01T07:38:00.0000000Z"
"AUTO-Kobong-Monitoring/README_AK7.md","01c5e0fed153b80462158049ef5968c90e8f1908c4a3af60bb228d910cb344c4","1694","2025-11-01T07:38:00.0000000Z"
"AUTO-Kobong-Monitoring/scripts/03_Smoke-AK7.ps1","f2567194069e4ddc66068d2c7ad3268706d8a38d7805319a2278fe59b228a40f","432","2025-11-01T07:38:00.0000000Z"
"AUTO-Kobong-Monitoring/scripts/ak7/03_Smoke-AK7.ps1","f2567194069e4ddc66068d2c7ad3268706d8a38d7805319a2278fe59b228a40f","432","2025-11-01T07:38:00.0000000Z"
"AUTO-Kobong-Monitoring/scripts/ak7/Install-AK7-AutoStart.ps1","6a8bc1923c949b470f70621296e94198471e9a719bed2af954ecc6fb446a2216","4705","2025-11-01T07:38:00.0000000Z"
"AUTO-Kobong-Monitoring/scripts/ak7/Install-AK7-Dual-AutoStart.ps1","3b25212366b61a3d40f880a6f7fd3d63b0318bbbccc500dcbad2f28e175445d1","6962","2025-11-01T07:38:00.0000000Z"
"AUTO-Kobong-Monitoring/webui/AK7_code_diffs.patch","d2e8ad55cbe8ca02d3357daef2502aff8f08e426a602556c2df3ac17430a75da","9641","2025-11-01T07:38:00.0000000Z"
"AUTO-Kobong-Monitoring/webui/AUTO-Kobong-Monitoring.html","e5839d2434b2da68a54d6408de67ec14bd26b29c6b75c0ec912b05be2e07fafe","26350","2025-11-01T07:38:00.0000000Z"
"AUTO-Kobong-Monitoring/webui/messages-wiring.js","3e6ef00a8fe45e5ea23e9c8bbb5ef98615eeda94861a154de5f5c1bea1f75e30","675","2025-11-01T07:38:00.0000000Z"
"AUTO-Kobong-Monitoring/webui/orchmon-bridge.js","e575462733cc59bf81f11bb7f9f0c28d0cf521a0400759a92fd3c60341aed0f8","1777","2025-11-01T07:38:00.0000000Z"
"AUTO-Kobong-Monitoring/webui/public/booster/ak7-bridge.js","06bbf762034fa4c717354ef895edd69a874815ba57d3c1c3214065e51abea7aa","1774","2025-11-01T07:38:00.0000000Z"
"AUTO-Kobong-Monitoring/webui/public/booster/ak7-bus-guard.js","59c8b74a8efed76432405dad30cdc0586ea235d232ea64a0311569a7f925c931","1147","2025-11-01T07:38:00.0000000Z"
"AUTO-Kobong-Monitoring/webui/public/booster/ak7-compat-shim.js","fb9e805f36259fb476f2a650d306f04601a0cc770a1c9f2c10b21fbd38feef5f","459","2025-11-01T07:38:00.0000000Z"
"AUTO-Kobong-Monitoring/webui/public/booster/ak7-net-override.js","538b91db53b659e375b21e99c60713247b91228f7c1f4749c8692404f72af1f5","3755","2025-11-01T07:38:00.0000000Z"
"AUTO-Kobong-Monitoring/webui/public/booster/ak7-ws-guard.js","59f339af2e623fbd55f257b69da72c7bc8cb068f4e71457a72ff4d1eb89201cb","1606","2025-11-01T07:38:00.0000000Z"
"AUTO-Kobong-Monitoring/webui/public/booster/boot-loader.js","9d8438ca30582c49565e7397cf6b4fbd05912ec349e7fd69bea3722429e92acf","1154","2025-11-01T07:38:00.0000000Z"
"AUTO-Kobong-Monitoring/webui/public/booster/boot-loader.js.bak_20251010_115114","49fe05ef554e57353580c1a11fcd421160fce93174f813b575a21a59b46218d6","1085","2025-11-01T07:38:00.0000000Z"
"AUTO-Kobong-Monitoring/webui/public/booster/boot-loader.js.bak_20251010_115601","3afddea22baaee1f94416cbc7861058f3abafd46c130061079d9425e4bcb9dfd","1038","2025-11-01T07:38:00.0000000Z"
"AUTO-Kobong-Monitoring/webui/public/booster/boot-loader.js.bak_20251010_120214","57d777d82c8e1ed16c6498979a7f976ee59347ab0a73746ac1c650a97c586d67","1111","2025-11-01T07:38:00.0000000Z"
"AUTO-Kobong-Monitoring/webui/public/booster/boot-loader.js.bak_20251010_121006","f98c0516d9cf30b7b3a2208c9ad6639a274ac02feb8f3c381b3e0451c3df24f7","1114","2025-11-01T07:38:00.0000000Z"
"AUTO-Kobong-Monitoring/webui/public/booster/boot-loader.js.bak_20251010_210047","b7c48838b38e4f7070f11643271f35562915bbc9f4c4be3465a5e35522010c2b","1114","2025-11-01T07:38:00.0000000Z"
"AUTO-Kobong-Monitoring/webui/public/booster/errkb-cards.js","6f4e1e426bcf665da4bf789c92b759b207a4473b5ca03107365bf4e552b7f51f","12886","2025-11-01T07:38:00.0000000Z"
"AUTO-Kobong-Monitoring/webui/public/booster/errkb-cards.js.bak_20251009_193510","e14fd1e9d73d4d5a4a85b6db60974613b32fb8fc592d3dbd9935fcc940e261a9","13217","2025-11-01T07:38:00.0000000Z"
"AUTO-Kobong-Monitoring/webui/public/booster/errkb-wiring.js","54d9c038b49d22d4e1bd9e0b9bdd8fe6eba1cc9f49f9c4e89cda27b1feab98e9","2961","2025-11-01T07:38:00.0000000Z"
"AUTO-Kobong-Monitoring/webui/public/booster/messages-pane.js","e82b739792e7ee0aac4611b815ffd94f936878e42d04feea1b54901a6886b7f7","8343","2025-11-01T07:38:00.0000000Z"
"AUTO-Kobong-Monitoring/webui/public/booster/messages-wiring.js","7ba35c39fea691103d7fde9aa692c74f130d5dae12fcd7ee24ddeb13cd7a71d0","1293","2025-11-01T07:38:00.0000000Z"
"AUTO-Kobong-Monitoring/webui/public/booster/orch-bus-auto.js","9694d4abf48b3b69d97239cb38fc1be59a88ff6cc96a572aab9335c648e5b513","1546","2025-11-01T07:38:00.0000000Z"
"AUTO-Kobong-Monitoring/webui/public/booster/orch-bus.js","2ba80bdfe822033dd8421d25649383684e9a503fe5e8016fe380089666705198","973","2025-11-01T07:38:00.0000000Z"
"AUTO-Kobong-Monitoring/webui/public/booster/overview-cards.js","a4e9cc46fd8920fc317c506684ca14ebad03344aa38c4d5442b3fd4c5b897811","9363","2025-11-01T07:38:00.0000000Z"
"AUTO-Kobong-Monitoring/webui/public/booster/settings-pane.js","79fc96626aa771804caf9833470c3c76ed28ffc0b107975cdafb299c74a28d64","12563","2025-11-01T07:38:00.0000000Z"
"AUTO-Kobong-Monitoring/webui/public/booster/timeline-tools.js","2b7baff5951479a5a839ee4a622b5471a32c3b4cd51ad4bf65d5774b180f52be","4636","2025-11-01T07:38:00.0000000Z"
"AUTO-Kobong-Monitoring/webui/public/booster/timeline-wiring.js","eacf45bb62a6d84ddb4201d3c4b6e79673fca60b6f5882f71ae2e72da03d37ee","148","2025-11-01T07:38:00.0000000Z"
"AUTO-Kobong-Monitoring/webui/public/css/orchmon.css","e818b4e21b3e8cf50b5bda2de9e82d8ef00fd07b35f97265da8740e9014c9067","1738","2025-11-01T07:38:00.0000000Z"
"AUTO-Kobong-Monitoring/webui/public/img/STS_LOGO-광택.png","6d00c020415300674313515a974b78d829183f4cbaf1e5d09f16c432b5c3c429","19425","2025-11-01T07:38:00.0000000Z"
"AUTO-Kobong-Monitoring/webui/public/img/STS_LOGO-크림색.png","d47f03f3039e93dd87ff57c28a7278ec1478bab0edd623734b5bdcae5435cf56","18368","2025-11-01T07:38:00.0000000Z"
"AUTO-Kobong-Monitoring/webui/public/xterm/xterm.css","c252c9ae350a1190134be2afcd7c2913365b4de636c3027924968f0830af567c","409","2025-11-01T07:38:00.0000000Z"
"AUTO-Kobong-Monitoring/webui/public/xterm/xterm.js","e2b524904f38e4c345da5e3479eead72286a08698d952d777aa8756d0c640eb0","8231","2025-11-01T07:38:00.0000000Z"
"AUTO-Kobong-Monitoring/webui/reset-local.html","3ea36a6ef51fdab3a89d4239d0b99c088cfedc79eec5a0fb7b029ff0bf2ac3ff","487","2025-11-01T07:38:00.0000000Z"
"AUTO-Kobong/AUTO-Kobong-메뉴얼.md","420b1113e6d29f208ccb4e335e30cb0020d438fea4b139c02eb43d3801a486d8","5337","2025-11-01T07:38:00.0000000Z"
"CHANGELOG.md","26a957b8de05b0e324e0e850575464950b735b640d6f67896618a83cfb3d9de0","8","2025-11-01T07:38:00.0000000Z"
"dev/kb-api.cjs","90c88d940d8ab8bf45e00728c2e3e7dc856b01fb26cfbc08fe50a3d0cf3c3a46","1767","2025-11-01T07:38:00.0000000Z"
"dev/kb-dev-backend.mjs","19b0ed3727f439b1b4e11c6a69004f16f9d276dc4819ecb50fc431ea788d5383","1796","2025-11-01T07:38:00.0000000Z"
"dist/app/bootstrap.js","7e6787e3c53ba019a8bae1ba2ff09968ad393ae1e8aad27ea6b0a27b44da5aa7","872","2025-11-01T07:38:00.0000000Z"
"dist/app/hardening.js","9f68feb57b8cf6615eeace1973c2cd2697b11d99508021abcdecb128996f4b10","6791","2025-11-01T07:38:00.0000000Z"
"dist/app/kobong_api.acl.js","1d8fb893ba3a2e96634b77a76f94250cc3715889d6ec1f3e128ed4337b096478","55","2025-11-01T07:38:00.0000000Z"
"dist/app/kobong_api.js","4c48c0aa20aca414c71df3d069d48ab4406171d3fcd4ce2cae49dd2876951996","1315","2025-11-01T07:38:00.0000000Z"
"dist/app/kobong_api/index.js","673cf9dc73bd836f973f880ec741ef4022890b5c3cd42d4592fce4c8b8ff531b","69","2025-11-01T07:38:00.0000000Z"
"dist/app/kobong.js","efe5fd963957348fe8d54bf6dfd285c90387ad6c623740dc11a80802dd5f1bdf","68","2025-11-01T07:38:00.0000000Z"
"dist/app/kobong/index.js","673cf9dc73bd836f973f880ec741ef4022890b5c3cd42d4592fce4c8b8ff531b","69","2025-11-01T07:38:00.0000000Z"
"dist/app/reporting/report_service.js","894f3408030bf6f713588481a1f3469c2c6eb3cad5afb6b3e14f799fd94bbb6f","164","2025-11-01T07:38:00.0000000Z"
"dist/app/reporting/ReportService.js","2fe46c0b5a00a27b7ed6a7fe9a27f948c8199cdf537032d4d98c2fce619a90cd","2028","2025-11-01T07:38:00.0000000Z"
"dist/domain/dsl/ast.js","2dd0635ea2d99c3acde3d4f9266828bb2d1ceec531f92421d6433823b91b62ec","413","2025-11-01T07:38:00.0000000Z"
"dist/domain/dsl/parser.js","5e07ec44cfb1ab44379930cc2ea42b8178246ece5b4fd1aec1adb62ea83a1607","3223","2025-11-01T07:38:00.0000000Z"
"dist/domain/dsl/v0_4/parser.js","9911b25295cd121ff3855d91cc9874b3381cf3802eb0a37f93b4f4cd96b4353a","550","2025-11-01T07:38:00.0000000Z"
"dist/domain/dsl/v0_4/ports.js","8e609bb71c20b858c77f0e9f90bb1319db8477b13f9f965f1a1e18524bf50881","11","2025-11-01T07:38:00.0000000Z"
"dist/domain/dsl/v0_4/types.js","8e609bb71c20b858c77f0e9f90bb1319db8477b13f9f965f1a1e18524bf50881","11","2025-11-01T07:38:00.0000000Z"
"dist/domain/ports/httpClient.js","8e609bb71c20b858c77f0e9f90bb1319db8477b13f9f965f1a1e18524bf50881","11","2025-11-01T07:38:00.0000000Z"
"dist/domain/ports/kobong_api.js","8e609bb71c20b858c77f0e9f90bb1319db8477b13f9f965f1a1e18524bf50881","11","2025-11-01T07:38:00.0000000Z"
"dist/domain/ports/kvs.js","8e609bb71c20b858c77f0e9f90bb1319db8477b13f9f965f1a1e18524bf50881","11","2025-11-01T07:38:00.0000000Z"
"dist/domain/ports/logger.js","8e609bb71c20b858c77f0e9f90bb1319db8477b13f9f965f1a1e18524bf50881","11","2025-11-01T07:38:00.0000000Z"
"dist/domain/reporting/errors.js","ca817c34c780ccf53d853f0de50639b01a864c641af3f88e1a192b8492771b98","360","2025-11-01T07:38:00.0000000Z"
"dist/domain/reporting/ports.js","f2521aef47d9f845907850b0cc780b7ca5c3de817ea1ae462f18ad14be715f81","59","2025-11-01T07:38:00.0000000Z"
"dist/domain/reporting/types.js","8e609bb71c20b858c77f0e9f90bb1319db8477b13f9f965f1a1e18524bf50881","11","2025-11-01T07:38:00.0000000Z"
"dist/infra/adapters/index.js","132e29444e51e27feed21e6cd3fee4efe19c24dae8154f5facc26b87152bcdee","100","2025-11-01T07:38:00.0000000Z"
"dist/infra/adapters/kobong_api_rest.js","e5039cb4ad864c32328b083dae508b71c4732c14c7686763cb3c37574d9ffd8a","3046","2025-11-01T07:38:00.0000000Z"
"dist/infra/adapters/stub/httpClient.js","7e6ef9adc94a253aabe68f20d3b54e85adbdc07f33bd244b4fc196fb55ea435d","575","2025-11-01T07:38:00.0000000Z"
"dist/infra/adapters/stub/kvs.js","aa0cab557a3d2e5eecbee8d8dd7743b59abdbdb9cbfaa73297553c36351f96d2","1110","2025-11-01T07:38:00.0000000Z"
"dist/infra/kobong_api.js","34774e4f7c01c99e8ee430f86fbcc227f72201e308937b4ff33e950ee4a6c715","73","2025-11-01T07:38:00.0000000Z"
"dist/infra/kobong/git_repo.js","9c0a20aa2eaf140747ccfdd7ecef936f0b706197f3649efd919813260fc69d9a","1337","2025-11-01T07:38:00.0000000Z"
"dist/infra/kobong/index.js","945ced11c76c25c2cfbe700f6426e5976d3eb57d7980cbdbaa5ae657613f99fc","76","2025-11-01T07:38:00.0000000Z"
"dist/infra/logging/jsonlLogger.js","ac4b42668fb55969cfe23971a30289429676562663b1a492e6c5119af12c4e4b","3057","2025-11-01T07:38:00.0000000Z"
"dist/infra/reporting/CsvRenderer.js","bb446b266c16439f1791dba23a83635cdc1072714a65bebe94b9bae05556f950","530","2025-11-01T07:38:00.0000000Z"
"dist/infra/reporting/JsonRenderer.js","fd7e7df6918e6d53188bea986bf66e3ffac556a23f88978c4ac4f4a5ef5f4603","645","2025-11-01T07:38:00.0000000Z"
"dist/infra/reporting/memory_report_engine.js","7b5729ec3319a4aa432d1cc4dc28aeb8c2179e48f5d3d9940cef695e3932d246","661","2025-11-01T07:38:00.0000000Z"
"dist/infra/reporting/parser_adapter.js","65667713302f84a28a5da9732fac0e0939af3fbb8905cae0765cf7b3b04365d2","189","2025-11-01T07:38:00.0000000Z"
"dist/infra/reporting/ParserAdapter.js","67b6b56fe1b217e3536b1723ea6a09a636ee6bf5145860005c299d2aeca7e4cc","1366","2025-11-01T07:38:00.0000000Z"
"dist/infra/reporting/QueryStub.js","988afd0eabdebcb87358b7dce4667768e9d6ffba0aedf730c709e57ba8f2fcec","1959","2025-11-01T07:38:00.0000000Z"
"dist/ui/reporting/cli.js","439ae878a09dc133a26f938c375431c4a4ed34f43aa134e021b5fda88329f855","486","2025-11-01T07:38:00.0000000Z"
"docs/badges/ops-failures.svg","fa83972fbed7a440a09cad21e5d44328ab0903da6126edfbe4ed490ecb7087f2","637","2025-11-01T07:38:00.0000000Z"
"docs/badges/repo-state.svg","cb9775d833cc6681017f12bc382e3f1665875830b2ae890486211e1ca1cb045c","613","2025-11-01T07:38:00.0000000Z"
"docs/Kobong-Weekly-Housekeeping.xml","3b02b4ad1102788e58386f452b637ea3aa07db5d47467defb64c5be2f73dfd47","1743","2025-11-01T07:38:00.0000000Z"
"docs/status.html","67fbcda83991fa0a5bb194df6241b924892efb60a6603786e4c4320143ad8a71","2153","2025-11-01T07:38:00.0000000Z"
"fix-ak.ps1","9a169e34d015dbc7315219b0a5dc2a598d8b97392212638e7168e49f8d362c81","9194","2025-11-01T07:38:00.0000000Z"
"GitHub-Monitoring/containers/ghmon-shells/$null","e3b0c44298fc1c149afbf4c8996fb92427ae41e4649b934ca495991b7852b855","0","2025-11-01T07:38:00.0000000Z"
"GitHub-Monitoring/containers/ghmon-shells/del.txt","aedbd7c1fb166b23b20e4906ce25363d997b2afcbd562a3da8c0a8431a067187","5","2025-11-01T07:38:00.0000000Z"
"GitHub-Monitoring/containers/ghmon-shells/del1.txt","77a1e8e39473ba9a556d10263cdcebaf239004aa2d1fa35246044470267be541","4","2025-11-01T07:38:00.0000000Z"
"GitHub-Monitoring/containers/ghmon-shells/Dockerfile.windows","8b1007e54a57b61ca9ced45a35250cf9e8fe9b3f80f1e550b47a09e77e6ef5bb","642","2025-11-01T07:38:00.0000000Z"
"GitHub-Monitoring/containers/ghmon-shells/ghmon-dev.example","c1464613f739e2e6337ec1de18192d9fda8a5f9d4dce5738079255d361d102f6","119","2025-11-01T07:38:00.0000000Z"
"GitHub-Monitoring/containers/ghmon-shells/server_plus - 복사본.js","f88cbbcd6d1f2e360d82c9e0e0cd684c80fbaad18d03e5d8d11902d8b435f4e8","24499","2025-11-01T07:38:00.0000000Z"
"GitHub-Monitoring/containers/ghmon-shells/server_plus.js","40804175f96c84072f9796d8d821bcc8e354a0bc4c8c7e9bad47a124463d0b82","26773","2025-11-01T07:38:00.0000000Z"
"GitHub-Monitoring/containers/GitHub-Mon-shells/Dockerfile.windows","d8f28ccf94098dbd551110497ee32282fbdd9b99b072292d8f1119cc5b8ea800","267","2025-11-01T07:38:00.0000000Z"
"GitHub-Monitoring/containers/GitHub-Mon-shells/package.json","9dc993f61cd327e10521039cad3b23840aef770b5118a9bf672fba989ed5ec68","144","2025-11-01T07:38:00.0000000Z"
"GitHub-Monitoring/containers/GitHub-Mon-shells/server.js","9268a43556461b9b6386dff1f93172ebe3cff442fc9a07c377064cc4181a7151","2668","2025-11-01T07:38:00.0000000Z"
"GitHub-Monitoring/containers/GitHub-Mon-ui/Dockerfile.windows","7744653db638a88cfea88bdf0f55162198e4156f6101732ede368d443e791aba","640","2025-11-01T07:38:00.0000000Z"
"GitHub-Monitoring/containers/GitHub-Mon-ui/package.json","c29d41e7834cbbebfd304c4f1d0f1dd50bb0c9cf3cc4427b6fbad2a81af3f459","72","2025-11-01T07:38:00.0000000Z"
"GitHub-Monitoring/containers/GitHub-Mon-ui/server_ui.js","112e89c82cc4ef69e91f0c94ba1d22a09a96c462ba40c4c33121076a5e9b7a39","1161","2025-11-01T07:38:00.0000000Z"
"GitHub-Monitoring/docs/README.md","4f0577c344b6f390037e5fb9f733d14bc62bb453e80975884a28cdecb1e06daf","1286","2025-11-01T07:38:00.0000000Z"
"GitHub-Monitoring/scripts/g5/shells/run-GitHub-Mon-shells-win.ps1","14ca1327cde788e65eeeb7f5593703d1998a8be53cb493852a6c154fe173b299","604","2025-11-01T07:38:00.0000000Z"
"GitHub-Monitoring/scripts/g5/shells/stop-GitHub-Mon-shells.ps1","eda58be657dd16972cf210e0acd3789b1ced709ecd8bb1c86b64fb00916f0a0c","220","2025-11-01T07:38:00.0000000Z"
"GitHub-Monitoring/scripts/g5/ui/deploy-GitHub-Mon-ui.ps1","2fc066741565445b650f800a7004ee7cdc80fc49946524a81ea130bdbd8b939e","572","2025-11-01T07:38:00.0000000Z"
"GitHub-Monitoring/webui/ghmon-ui-map.js","985994b764d62880ff77b6fa15a0e92bf92d1349e8abbdbc4984dc54b4731a47","503","2025-11-01T07:38:00.0000000Z"
"GitHub-Monitoring/webui/GitHub-Mon-bridge.js","842652a322243b0e103d2a63e419dbec4838487639d2a331d582cf1d6c4ad7ea","12649","2025-11-01T07:38:00.0000000Z"
"GitHub-Monitoring/webui/GitHub-Monitoring-Min.html","9c32b4b929162f9f9eb9c91f8db7f8862330f897536f04671907b75ab92561c2","52435","2025-11-01T07:38:00.0000000Z"
"GitHub-Monitoring/webui/public/css/GitHub-Mon.css","57e4be34ce404d8c9e3cd6c3a6b8ebb0aebf61709533cb4cf1cd70e94c95424c","5756","2025-11-01T07:38:00.0000000Z"
"GitHub-Monitoring/webui/public/img/STS_LOGO-광택.png","6d00c020415300674313515a974b78d829183f4cbaf1e5d09f16c432b5c3c429","19425","2025-11-01T07:38:00.0000000Z"
"GitHub-Monitoring/webui/public/img/STS_LOGO-크림색.png","d47f03f3039e93dd87ff57c28a7278ec1478bab0edd623734b5bdcae5435cf56","18368","2025-11-01T07:38:00.0000000Z"
"GitHub-Monitoring/webui/public/xterm/xterm.css","090e525dabe57e7972eb1f2c6aad664d380a7f10b8d067605c1cbf257eb20097","59","2025-11-01T07:38:00.0000000Z"
"GitHub-Monitoring/webui/public/xterm/xterm.js","8a4c8d80849978b6f59dd3583146c45ddf30b174607e486789949cd986e81d42","55","2025-11-01T07:38:00.0000000Z"
"ops/ak-rescue-186-20250928-110147.md","29758b4bbd3bda998e1e3669e3eb7e4a427cc5379e9afb960c209d5aaa65e244","249","2025-11-01T07:38:00.0000000Z"
"Orchestrator-Monitoring/03_Smoke-OrchMon.ps1","27e586a1fe849add3753a718e6aee0f9c515ae0ca2a385d2c2f82243068621cd","708","2025-11-01T07:38:00.0000000Z"
"Orchestrator-Monitoring/Check-Integrity.ps1","5fdbeead9ae8ca21f04a836b12408b58b328ab1f78bb1c2733f463fae06cf7d3","663","2025-11-01T07:38:00.0000000Z"
"Orchestrator-Monitoring/containers/orch-shells/Dockerfile.windows","7ffd57a4a19cf590e1804a56bf63b46ec101c2a7e5250e51e146e3bcacbd09a7","1307","2025-11-01T07:38:00.0000000Z"
"Orchestrator-Monitoring/containers/orch-shells/package-lock.json","462543bcbe4b2ed257dd1a1fc1005a9eb514caca72a5fe254088b9d2d8ad4d7c","2469","2025-11-01T07:38:00.0000000Z"
"Orchestrator-Monitoring/containers/orch-shells/package.json","6b2add9a14cc71e0ecead689a0c88dbcfdd29266a14529280560335a7ebeba69","205","2025-11-01T07:38:00.0000000Z"
"Orchestrator-Monitoring/containers/orch-shells/server.js","aaf635eed292baaf287bfc26b0acdd8daee47f90e2557109e3aea968259205c7","5152","2025-11-01T07:38:00.0000000Z"
"Orchestrator-Monitoring/INTEGRITY_BASELINE.json","e3b0c44298fc1c149afbf4c8996fb92427ae41e4649b934ca495991b7852b855","0","2025-11-01T07:38:00.0000000Z"
"Orchestrator-Monitoring/Make-IntegrityBaseline.ps1","b5969130aacddc9951d19df4a8e3ae7f2764cc8b8ed867c4317c370d945acba8","547","2025-11-01T07:38:00.0000000Z"
"Orchestrator-Monitoring/public/booster/booster-v2.js","48edb73499456ea1985be2ee75d6e0b185c893cf4797ff641407787972faff20","3481","2025-11-01T07:38:00.0000000Z"
"Orchestrator-Monitoring/public/booster/messages-wiring.js","0b8ee8485be2abbf4c50f4ba1261e7f6a96bc00cd534c8723590980d2126befd","4086","2025-11-01T07:38:00.0000000Z"
"Orchestrator-Monitoring/webui/messages-wiring.js","3e6ef00a8fe45e5ea23e9c8bbb5ef98615eeda94861a154de5f5c1bea1f75e30","675","2025-11-01T07:38:00.0000000Z"
"Orchestrator-Monitoring/webui/Orchestrator-Monitoring-Su.html","3fe2319e2059ecdb6af4295f4582342a7147f79b32ce701635c985d89de11115","24054","2025-11-01T07:38:00.0000000Z"
"Orchestrator-Monitoring/webui/orchmon-bridge.js","e575462733cc59bf81f11bb7f9f0c28d0cf521a0400759a92fd3c60341aed0f8","1777","2025-11-01T07:38:00.0000000Z"
"Orchestrator-Monitoring/webui/public/booster/boot-loader.js","fd3fbf4ebfb227d2a8d8e4a08a274e96181631c11bf0564df24043fbe41c0c4b","766","2025-11-01T07:38:00.0000000Z"
"Orchestrator-Monitoring/webui/public/booster/errkb-cards.js","a07790a7e8fd69c2496328da621ff1828eb5c9dd888eff99ab8cec0ddd4ae2fd","12894","2025-11-01T07:38:00.0000000Z"
"Orchestrator-Monitoring/webui/public/booster/errkb-cards.js.bak_20251009_193510","e14fd1e9d73d4d5a4a85b6db60974613b32fb8fc592d3dbd9935fcc940e261a9","13217","2025-11-01T07:38:00.0000000Z"
"Orchestrator-Monitoring/webui/public/booster/errkb-wiring.js","54d9c038b49d22d4e1bd9e0b9bdd8fe6eba1cc9f49f9c4e89cda27b1feab98e9","2961","2025-11-01T07:38:00.0000000Z"
"Orchestrator-Monitoring/webui/public/booster/messages-pane.js","e82b739792e7ee0aac4611b815ffd94f936878e42d04feea1b54901a6886b7f7","8343","2025-11-01T07:38:00.0000000Z"
"Orchestrator-Monitoring/webui/public/booster/messages-wiring.js","7ba35c39fea691103d7fde9aa692c74f130d5dae12fcd7ee24ddeb13cd7a71d0","1293","2025-11-01T07:38:00.0000000Z"
"Orchestrator-Monitoring/webui/public/booster/orch-bus-auto.js","c4eeaceb4303710efcc9476ac342338c909ea0f182a55f8d931bddcb25d944ac","1558","2025-11-01T07:38:00.0000000Z"
"Orchestrator-Monitoring/webui/public/booster/orch-bus.js","2ba80bdfe822033dd8421d25649383684e9a503fe5e8016fe380089666705198","973","2025-11-01T07:38:00.0000000Z"
"Orchestrator-Monitoring/webui/public/booster/overview-cards.js","39d3cbd8822f6420f598b55f44e943ae667f9d93cd3c07f3e52345a5ba83433c","7381","2025-11-01T07:38:00.0000000Z"
"Orchestrator-Monitoring/webui/public/booster/settings-pane.js","8430238aab57573a8d018ff862d62a44e5eb8d5552786a4d52a57ac6996fbde4","12575","2025-11-01T07:38:00.0000000Z"
"Orchestrator-Monitoring/webui/public/booster/timeline-tools.js","2b7baff5951479a5a839ee4a622b5471a32c3b4cd51ad4bf65d5774b180f52be","4636","2025-11-01T07:38:00.0000000Z"
"Orchestrator-Monitoring/webui/public/booster/timeline-wiring.js","eacf45bb62a6d84ddb4201d3c4b6e79673fca60b6f5882f71ae2e72da03d37ee","148","2025-11-01T07:38:00.0000000Z"
"Orchestrator-Monitoring/webui/public/css/orchmon.css","e818b4e21b3e8cf50b5bda2de9e82d8ef00fd07b35f97265da8740e9014c9067","1738","2025-11-01T07:38:00.0000000Z"
"Orchestrator-Monitoring/webui/public/img/STS_LOGO-광택.png","6d00c020415300674313515a974b78d829183f4cbaf1e5d09f16c432b5c3c429","19425","2025-11-01T07:38:00.0000000Z"
"Orchestrator-Monitoring/webui/public/img/STS_LOGO-크림색.png","d47f03f3039e93dd87ff57c28a7278ec1478bab0edd623734b5bdcae5435cf56","18368","2025-11-01T07:38:00.0000000Z"
"Orchestrator-Monitoring/webui/public/xterm/xterm.css","c252c9ae350a1190134be2afcd7c2913365b4de636c3027924968f0830af567c","409","2025-11-01T07:38:00.0000000Z"
"Orchestrator-Monitoring/webui/public/xterm/xterm.js","e2b524904f38e4c345da5e3479eead72286a08698d952d777aa8756d0c640eb0","8231","2025-11-01T07:38:00.0000000Z"
"Orchestrator-Monitoring/보호 스크립트.md","8c1fb757d82c83c4489f300a906c6d930c1c9c2b04f5be02a33380cf19e6ab10","2243","2025-11-01T07:38:00.0000000Z"
"patches/manifest.json","f577ae145635d24fa7ef82e7f4166b8daef332700b9a42bcfb6210bd8a6c140d","39","2025-11-01T07:38:00.0000000Z"
"public/data/gh-monitor.json","32678079cb490e9e2189d2e02f139f4f438967b86ecfdbe6d571e5ee23a60c1f","4005","2025-11-01T07:38:00.0000000Z"
"public/index.html","75546e99a9d60adc47a9447b34b7228e6a7bfa5d727c4b2df48edb570841c49c","775","2025-11-01T07:38:00.0000000Z"
"public/widgets/gh-pr-badge.html","ba5ea62831af181dd2d6d42d64bd05aa7e8ec2236fce9c8688945d2743bae336","2105","2025-11-01T07:38:00.0000000Z"
"public/widgets/gh-pr-mini.html","0e8557f713fd6945049642d8a18b27ead7eed1a78aa4dd26124a75b7af4c1447","1580","2025-11-01T07:38:00.0000000Z"
"public/widgets/mini-dashboard.html","62b6ecafbf68a34e521232f2633f0035848efb615e060f81f1cafb13ca2e5d3c","5301","2025-11-01T07:38:00.0000000Z"
"README.md","ca22cafd9f1be5807d581421b5514a109ed66fba07dd17f17aec79e1892ff832","773","2025-11-01T07:38:00.0000000Z"
"register-doc.ps1","dc38799d775b79364da51ff22ac640985c386c205023a93a03150734c83941b8","2976","2025-11-01T07:38:00.0000000Z"
"remove-open-ps7-cmd.ps1","a8d4c85d1889202d8e13362558e0f3eece7196b2f0b8a3593ae096eb18c3f15b","4051","2025-11-01T07:38:00.0000000Z"
"repo-curate-and-commit.ps1","eedaa5cf5dfcffed188106c1562e2fb2a10f025336f0f6177a6a73bccffaac68","3771","2025-11-01T07:38:00.0000000Z"
"Rollbackfile.json","f5da50851e46e8b67f268b3947dc11fe0c8573839d1dd2cc4b8541d3bef4431d","3712","2025-11-01T07:38:00.0000000Z"
"scripts/g5/_tmp.patch.txt","a0c07632f7fcfc866166621c579ef751ca2a29abfd3c839baa33129b78244e87","393","2025-11-01T07:38:00.0000000Z"
"scripts/g5/ak-audit.ps1","1a9f3232872b188f575dda28c28a0398808faf1061c6570947155e6c1450df10","795","2025-11-01T07:38:00.0000000Z"
"scripts/g5/ak-checks.ps1","7384017a92b02fd600d1fd99cca09a07d673db7783f9ac77073c1ae64b0bd18c","551","2025-11-01T07:38:00.0000000Z"
"scripts/g5/ak-dispatch.ps1","a6a369e1aaba83ff675c606de319eccd6247cc317d67667e07577bf2c0a8ea5e","9339","2025-11-01T07:38:00.0000000Z"
"scripts/g5/ak-fixloop.ps1","7a5dfd3bc521f694cf0f71192f6fbd6be69463bed629b8b7274f855d81d3ef40","1319","2025-11-01T07:38:00.0000000Z"
"scripts/g5/ak-fmt.ps1","ff5a688d59ba1eaf8a3c48400b6d4b87455110725493276a3cf316dfd06e6930","1262","2025-11-01T07:38:00.0000000Z"
"scripts/g5/ak-label.ps1","baae5e3ff03e381023d51ccfe3b80eb2f427174ac43580cab98fdb41b9c5efaa","1089","2025-11-01T07:38:00.0000000Z"
"scripts/g5/ak-lint.ps1","0ca933bfdd2c683c86dc26e37a2f6f6f6886e46bb58890087494751f04126355","1359","2025-11-01T07:38:00.0000000Z"
"scripts/g5/ak-merge.ps1","1b46b9ae3fc3306b39a222de7b90d0ff2030c85604f5da2e4fa897449668922c","956","2025-11-01T07:38:00.0000000Z"
"scripts/g5/ak-protect.ps1","2bcd7a13c7a046298e9aa7e4402181f612980726e7e08fd96c8796bc4e19788b","1051","2025-11-01T07:38:00.0000000Z"
"scripts/g5/ak-release.ps1","af18e1062d654f7b92a2c8d5aafce5739662ce61cac04883c8886e0fec3e1f07","1287","2025-11-01T07:38:00.0000000Z"
"scripts/g5/ak-rerun.ps1","3bee7fe0887e51996f60bff0742ae11c6100fa4bcaf67db3b45fe128cd140067","1090","2025-11-01T07:38:00.0000000Z"
"scripts/g5/ak-rewrite.ps1","7a5dfd3bc521f694cf0f71192f6fbd6be69463bed629b8b7274f855d81d3ef40","1319","2025-11-01T07:38:00.0000000Z"
"scripts/g5/ak-scan.ps1","03e873f6e1375d63b2de707c3dd93ee87f72644b83b8b65e58e2215a72b6b73f","1918","2025-11-01T07:38:00.0000000Z"
"scripts/g5/ak-status.ps1","ceacfbcd88de9780558667b27e7303b588e3c22b041d6b12d1ae61b0689781d3","597","2025-11-01T07:38:00.0000000Z"
"scripts/g5/ak-test.ps1","1c4590d4ba440e39f13c6996ffb2721de1675a9347d69daefaf3f3a7cc1b7dd2","1892","2025-11-01T07:38:00.0000000Z"
"scripts/g5/apply-patches.ps1","3681c3b9a2cecab99e743b64abbe7ba837fd8f343cb8078ecd363a5cf994c025","7755","2025-11-01T07:38:00.0000000Z"
"scripts/g5/apply-pending-patches.ps1","40ae20e0e75b0fef1c568e6989d868db84933dc59c8d6f0706eda4e53ad43076","587073","2025-11-01T07:38:00.0000000Z"
"scripts/g5/auto-fix-open-prs.ps1","22e8b7f0e965b286c607989556041fbc98097daf8496ba715f8c97f53b505be4","4841","2025-11-01T07:38:00.0000000Z"
"scripts/g5/auto-merge-ready.ps1","130d3b2ad448031de02f32e0b72a2ad7e99f6214c37f6a0b3f613ae9ef890611","3645","2025-11-01T07:38:00.0000000Z"
"scripts/g5/auto-pr-complete.ps1","6a1a12c9aed1b5ec22e54fb8512deec4954614d8798ff8905299a81ea9408822","7968","2025-11-01T07:38:00.0000000Z"
"scripts/g5/autostart-verify.ps1","3a3bd40ea8baf391643dea2976a4f051f96e9eef37f1099eb425a737ac121529","721","2025-11-01T07:38:00.0000000Z"
"scripts/g5/branch-prune-quiet.ps1","6471937c0bdb65babfa3153a81509302fba641f83fbc4db08b4186956d9a5c66","3347","2025-11-01T07:38:00.0000000Z"
"scripts/g5/Build-Relations.ps1","7049129ee1cd5f1f38b1479fe59706fc5edd76c1300d6f11cb38c5ea332bae3a","9912","2025-11-01T07:38:00.0000000Z"
"scripts/g5/Check-AK7-Ports.ps1","f79d6784d6eae2d3096f6d80d9ae31e7e89cf14f963d0782edf9746df4f9a76e","1558","2025-11-01T07:38:00.0000000Z"
"scripts/g5/Check-AK7.ps1","a45d969716581f5b6a8ffb006d3f8f847dc671d719d94aecab9cb5123153b8b8","945","2025-11-01T07:38:00.0000000Z"
"scripts/g5/Check-All-DevMock.ps1","8e3c0a9e4263484f42ac797874d01d3ce852625722f82c38f8df4a58f804fcb5","1079","2025-11-01T07:38:00.0000000Z"
"scripts/g5/Check-ORCH.ps1","1181b4862471ec21c1bf915e1fc538c38f23b89d7ff2a5d68646a1b9361d04d9","953","2025-11-01T07:38:00.0000000Z"
"scripts/g5/check-pr-ready.ps1","131eea748be6d341911693e3f089cf9d2f548378e1cf173678e33855121adec8","4839","2025-11-01T07:38:00.0000000Z"
"scripts/g5/Clean-AK7-Ports.ps1","c4851c662e1bfc43f1ed9cc1e3ce2fff7c31c27963ce5e1aa35bb0d6f79bfd96","1747","2025-11-01T07:38:00.0000000Z"
"scripts/g5/doctor.ps1","a51224096a51b7f87ed05a3e95e100849079c1c2b48bd6726c3ebbd638eedd6a","2422","2025-11-01T07:38:00.0000000Z"
"scripts/g5/enforcement-check.ps1","87cd5d13b0272e43ba84f11417d89b0ea78632cb053478207c859e6509d71527","2412","2025-11-01T07:38:00.0000000Z"
"scripts/g5/enforcement-check.v2.ps1","53bad17583fbd48228fd3df1c51e4585f4f09f8828978bd2098f6dfa6d530f32","3483","2025-11-01T07:38:00.0000000Z"
"scripts/g5/enforcement-check.v3.ps1","0e3d75621389cb07c5d989ac743dd9abd5052ff049256301174b1dd78b07fa09","3148","2025-11-01T07:38:00.0000000Z"
"scripts/g5/error-trend.ps1","1441f8070761e5c68f40d6727b44b955e3d56c50fd319fa0fd32edf9db5674c1","3507","2025-11-01T07:38:00.0000000Z"
"scripts/g5/Extract-ScriptHeaders.v1.0.ps1","634d17555f8a802b0dc74e94a5da3f696194bf36dc26bc2c0680cd1846b20a58","5287","2025-11-01T07:38:00.0000000Z"
"scripts/g5/Extract-WorkflowHeaders.ps1","0812c92a99734dc849a217ae5b7e8e951245781c8fc16fd7951318741989c0f2","4161","2025-11-01T07:38:00.0000000Z"
"scripts/g5/fetch-quiet.ps1","1f8baab7b18a18bd1229cececa67c4edb2e39d1751ad412372b211bee882ea76","3421","2025-11-01T07:38:00.0000000Z"
"scripts/g5/finalize-release.ps1","5410f2372fb1a83d072e73e78a85e95da0b2fa758e8d8b9050eda0a81b9c7b18","3158","2025-11-01T07:38:00.0000000Z"
"scripts/g5/fix-console-now.ps1","8ef13a2212e289d9a55355709f4b2944c936eeecb878d73a376065bf20ab0977","2701","2025-11-01T07:38:00.0000000Z"
"scripts/g5/fix-gha-pwsh-installer.ps1","e3b0c44298fc1c149afbf4c8996fb92427ae41e4649b934ca495991b7852b855","0","2025-11-01T07:38:00.0000000Z"
"scripts/g5/fix-weekly-smoke-yaml.v2.ps1","e3b0c44298fc1c149afbf4c8996fb92427ae41e4649b934ca495991b7852b855","0","2025-11-01T07:38:00.0000000Z"
"scripts/g5/g5-autopilot-noninteractive.ps1","15605f6da4d73c540e8684281acf657b191a48bd7ae801bc99756c7870bf4471","3403","2025-11-01T07:38:00.0000000Z"
"scripts/g5/g5-d11d15-pack.ps1","829271b80c4a44354bb5d37513bb3a9162a97bd3f8a1d9e921db98d722f160ff","7144","2025-11-01T07:38:00.0000000Z"
"scripts/g5/g5-d3d5-pack.ps1","a13a4e41cb98680d8f35321c6885cd42cc80297c24eacb469493314f564d28a3","6236","2025-11-01T07:38:00.0000000Z"
"scripts/g5/g5-d6d7-pack.ps1","926d7d5892a221e204279dbf4f7a90bfd22e484daf8c1c0003905fbbec16982e","6675","2025-11-01T07:38:00.0000000Z"
"scripts/g5/g5-d8d10-pack.ps1","aef5411bfac8768ea41cc097dca34f1d5f6331d68942bfc09fe479cf7a5cbfc1","6236","2025-11-01T07:38:00.0000000Z"
"scripts/g5/g5-start-servers.ps1","c111ce7dcfc7317cc604a26e0ef073449031a9eea0ca38d7c574a1eeead775f0","1996","2025-11-01T07:38:00.0000000Z"
"scripts/g5/github-status-export.ps1","d7af9099f4fc8c62c8d6735c55fb0f6764fecf63f67fefb69d7768a924a82da4","4830","2025-11-01T07:38:00.0000000Z"
"scripts/g5/good-list.ps1","a3ef282e22d1e0e42ee6c12a1833b4cd4721e3763deade23b4ccffbfeaba88df","535","2025-11-01T07:38:00.0000000Z"
"scripts/g5/good-restore.ps1","941883f9f37c8810f1e5a1766c85268987c265ec8f49f449fedbfbbf0858bf96","1622","2025-11-01T07:38:00.0000000Z"
"scripts/g5/good-save.ps1","1d5274128d29f41228d33f0ca194dbc0a59034d03bec21f427273bdc4734ec26","1745","2025-11-01T07:38:00.0000000Z"
"scripts/g5/guard-run.ps1","ca19689e4f86c67fce3adec539be91b9d1f596f87b90f9b36536313657823108","1791","2025-11-01T07:38:00.0000000Z"
"scripts/g5/harden-private-pro.ps1","ec4b1e7fc1e51845e6c116d3cd3587aab86801c52ef1f30ca9da108754e1e7d1","2996","2025-11-01T07:38:00.0000000Z"
"scripts/g5/harden-private-pro.v2.ps1","f758d14e3db70fe56a938dd3864d06a1a2e8bedcf5ba13e4bc853454b7ae2f8e","2978","2025-11-01T07:38:00.0000000Z"
"scripts/g5/health-smoke.ps1","17ec80537bd54a825d2610550f4eb1719557ab7091d822c45a06e9558c8ae1e3","511","2025-11-01T07:38:00.0000000Z"
"scripts/g5/housekeeping-smoke.ps1","2f04e016b7d98669de3bb5094f79de3ef57aebc0cfd4410ab40fe8722eae516d","5747","2025-11-01T07:38:00.0000000Z"
"scripts/g5/housekeeping-summarize.ps1","5f8b8f51da2b3e58bfbb4ce43ef3d24dc7741030c1b9fa1d9b7094f5c55f2f81","2331","2025-11-01T07:38:00.0000000Z"
"scripts/g5/housekeeping-weekly-run.ps1","41b1775784207c3264d2b6ef7da7f9cc56462225bb5d39bfee711083d9dddc21","4267","2025-11-01T07:38:00.0000000Z"
"scripts/g5/housekeeping-weekly.ps1","2bf9bcb1b4dcb4913a7f1c22b90817f73f6047efd53fc16004642e0bce589e47","2489","2025-11-01T07:38:00.0000000Z"
"scripts/g5/Install-AK7-AutoStart.ps1","875cad9ea8d4b1ce432e18f8185eb3cb8e100c42fceabf1d3064f9225bb7f859","2942","2025-11-01T07:38:00.0000000Z"
"scripts/g5/install-guards.ps1","5e40ba7824d0999bdd4f608baa38add31dd611b776048d81cdf7d19cb6574964","3489","2025-11-01T07:38:00.0000000Z"
"scripts/g5/install-hooks.ps1","d1193da5c5b202843f6a2716fb77dc60faa1c9041319dd88434ed81909c87f8b","799","2025-11-01T07:38:00.0000000Z"
"scripts/g5/Install-OrchMon-AutoStart.ps1","2c0282eb864ce9e53eb27e836b32031c3ab7df6d7070bcbadbb0cc7f49f3a420","3350","2025-11-01T07:38:00.0000000Z"
"scripts/g5/inventory.ps1","2fe1d6540d351ba2279f2a3da42888a245dc260dbb706e3bb515c30c64cf74b0","4947","2025-11-01T07:38:00.0000000Z"
"scripts/g5/klc-aggregate.ps1","c9b7702f7f637c364340b605729f2ff4dea7021dfc5d6f617714a11117f5b307","1333","2025-11-01T07:38:00.0000000Z"
"scripts/g5/klc-verify.ps1","572d2e985bd9130589d46fb04aa2fc6dec01f0655262248306a4d1334864c5da","2055","2025-11-01T07:38:00.0000000Z"
"scripts/g5/kobong-run.cmd","f1b6004bcfb39045415aa0e7d5b52abc74cc615e339966e0e44b5a0c3e95acc0","764","2025-11-01T07:38:00.0000000Z"
"scripts/g5/kobong-run.ps1","773ed38775e2993a873bec0c3163dac8a711e90b600a2065eabab198d353d7d8","791","2025-11-01T07:38:00.0000000Z"
"scripts/g5/launch-ci-summary.cmd","aec08ec4c0a2de25a5ad3619e77eff670e1bc099ca2edb373d247614ec4d88e5","493","2025-11-01T07:38:00.0000000Z"
"scripts/g5/launch-kobong-logger.cmd","88023dbe58ba9392a7faef2784e6283a9d7a47f147114e5a2baea7d00a09eb73","498","2025-11-01T07:38:00.0000000Z"
"scripts/g5/launch-kobong-orchestrator.cmd","c097a6f0dfabb6d348d866b9e5429f6a814719a57e9020dae57abdcecc3e6980","504","2025-11-01T07:38:00.0000000Z"
"scripts/g5/launch-monitor-logs.cmd","89282a141a7acec494fd3bf5cc76d825be8576628c13420d3feab6abfceec395","493","2025-11-01T07:38:00.0000000Z"
"scripts/g5/launch-monitor-status.cmd","ce20713847c7ea3e71768af5b4c999c3d1e3a31eda434adf6ba6f941320abf0a","495","2025-11-01T07:38:00.0000000Z"
"scripts/g5/lib-safe.psm1","b0df620bfaf88a47a67c53c5170522085de3290d906feee6b18d873256430227","2127","2025-11-01T07:38:00.0000000Z"
"scripts/g5/make-g5-context.ps1","a36fdc4fe1f54734a5328095518f192484c085f4699a6bbfedfbc3f1657c24d8","3035","2025-11-01T07:38:00.0000000Z"
"scripts/g5/make-run-report.ps1","5ad639c1e3af6be07cd3bc515b1ac9815f69323760f31587683c4711a0b21213","3804","2025-11-01T07:38:00.0000000Z"
"scripts/g5/manifest-prune.ps1","5bca2f97b1527aaf3d80250e7428d765c9bf8ec3cbea00bf7245900a72e24d46","4532","2025-11-01T07:38:00.0000000Z"
"scripts/g5/monitor-health.ps1","9e2e144dea2b3df70fc9c49da9e14dfcc836211e9f36be2cd53d2218d8b07ae4","1540","2025-11-01T07:38:00.0000000Z"
"scripts/g5/monitor-logs.ps1","030bdd80a4f8ad7a919b340138c73741bc23916093d1496c434fd236b563bfd8","3309","2025-11-01T07:38:00.0000000Z"
"scripts/g5/monitor-status.ps1","4a05b1e9189fa2b12fd302741e8f71b52a8e546e7f143943aba6a0060b007ad9","3712","2025-11-01T07:38:00.0000000Z"
"scripts/g5/om-ui-init.patch.txt","dae50e25b669f0b58a3318d5a7dc3054cd473f449af24e56dd1f4dfa74274d35","8929","2025-11-01T07:38:00.0000000Z"
"scripts/g5/one-shot-setup.ps1","8bbb17a930e0ac3185dd3f7c297590f160f20d439688c6634c68ccbb95b1f254","1515","2025-11-01T07:38:00.0000000Z"
"scripts/g5/open-ps7-here.cmd","fd2267c7f5a5a210bd5a2143c5ef0000d04007ed3f802af4c6d2433fca5700d7","210","2025-11-01T07:38:00.0000000Z"
"scripts/g5/ops-menu - 복사본.ps1","2fe50853e079a3817c2f6ca82304345154592eb75ce5695fcc3096d19ff4de37","3029","2025-11-01T07:38:00.0000000Z"
"scripts/g5/ops-menu.ps1","2fe50853e079a3817c2f6ca82304345154592eb75ce5695fcc3096d19ff4de37","3029","2025-11-01T07:38:00.0000000Z"
"scripts/g5/Patch-OrchMon-NodePath.ps1","50d08fcc4f43faf173e6a412ef1d2b4ccbbf8050404656f3982351c0c97d69c1","1300","2025-11-01T07:38:00.0000000Z"
"scripts/g5/patches/apply-patches_hotfix_v1.patch.txt","03979e6b6df7460bd1356c7d2493c2b3693e6ef8baf6cb259d9ea9b9f15b4021","268","2025-11-01T07:38:00.0000000Z"
"scripts/g5/patches/Install-AK7-AutoStart.ps1","1dd338c88125a682790378c6003f966b09c33cd383a2a7a7bd07aad2760b0c26","4251","2025-11-01T07:38:00.0000000Z"
"scripts/g5/patches/om-ui-init.patch.txt","dae50e25b669f0b58a3318d5a7dc3054cd473f449af24e56dd1f4dfa74274d35","8929","2025-11-01T07:38:00.0000000Z"
"scripts/g5/ports-clean.ps1","53db8ecba735396e2e12e0a0eb9e71a89917b0572760905e231e233251b371e7","621","2025-11-01T07:38:00.0000000Z"
"scripts/g5/post-merge-ship.ps1","f69d1e97baffd0330946b6590de8bc1c3d69932cd2955e846526c418df4c57d0","1881","2025-11-01T07:38:00.0000000Z"
"scripts/g5/pr-automerge-watch.ps1","6122ad8c07fec68ab296dcd200a9e864152792cd8635d22cf0a22cf996aff516","3800","2025-11-01T07:38:00.0000000Z"
"scripts/g5/pr-badge-dedupe.ps1","5af8842ba3d71aa9e3dbc86e46fa56bcd8d7c88ffc526968b17ede9743896c8a","961","2025-11-01T07:38:00.0000000Z"
"scripts/g5/pr-rebase-onto-main.ps1","a6fd2f830beb5dea72f4c048b1fffdaa3bc5c22e45959fe5af190c70ddfa6fc8","4230","2025-11-01T07:38:00.0000000Z"
"scripts/g5/pr-rerun-checks-and-watch.ps1","2640b10b0bde772fe38bc4670bdd4ace8583d2e3113f918811d6f3d6dfd6236b","2551","2025-11-01T07:38:00.0000000Z"
"scripts/g5/pre-push","1aeed9b5bcc51badddda9d2a39d3f60915cc4efe329b2387636f807d2b165906","602","2025-11-01T07:38:00.0000000Z"
"scripts/g5/protect-file.ps1","7967907f64db679426f45b5832eeffcf9ce16bf7cadd1cdf4fdd2ea4c11fab3e","1374","2025-11-01T07:38:00.0000000Z"
"scripts/g5/ps-header-enforcer.ps1","7ed6039f95537d13898f94ac1e468c5b51b29de907021db397cea1b9a807181d","3213","2025-11-01T07:38:00.0000000Z"
"scripts/g5/register-docs-manifest.ps1","df37c4f1e7556e85d52ddbfdd14f83ec12819a434b9a643d728587bf333af90d","6071","2025-11-01T07:38:00.0000000Z"
"scripts/g5/register-housekeeping-task.ps1","273332cf58c07eb950c0930106b85a0ab0e149e2bcccc60954a9890a7f7c4666","7079","2025-11-01T07:38:00.0000000Z"
"scripts/g5/register-manifest.ps1","93894d0d3eecc36646c19a17f67fc145f1d78a56885bc7a6fa6074ba43b44d5c","4711","2025-11-01T07:38:00.0000000Z"
"scripts/g5/release-append-badge.ps1","c9600c18c3d8d5a322b216cc81e938345399bc77e0e8960535d59fe6aa456629","2099","2025-11-01T07:38:00.0000000Z"
"scripts/g5/release-next-patch.ps1","c4d34c24bcbdd461884494779a5e478758946e6a26cd7611ec704d181b16104e","2805","2025-11-01T07:38:00.0000000Z"
"scripts/g5/release-stabilize-with-watch.ps1","c3c9e576eb9a4dec402452254a599359014af7cf54d1c4d9b73bccfd72735a0e","3513","2025-11-01T07:38:00.0000000Z"
"scripts/g5/release-stabilize.ps1","2d61de25e674b6af48a4cd7758c3ad98da3ee374060465acb7463844af984732","5429","2025-11-01T07:38:00.0000000Z"
"scripts/g5/release-train-with-watch.ps1","c783943dd219033172543c8d6a82ea425933bdb886d90579aa3d3df1abb352bd","3163","2025-11-01T07:38:00.0000000Z"
"scripts/g5/release-train.ps1","30150f8a5032bcf412a15479486b6ce6ce99def67170eb5376cf3e3aac225c04","4166","2025-11-01T07:38:00.0000000Z"
"scripts/g5/release-vpatch.ps1","83e2da6bd29e0f0be652fcbd0f7d0398a95282579684d423b2568200e2ac8bc2","6091","2025-11-01T07:38:00.0000000Z"
"scripts/g5/release-vpatch.safe.ps1","357b28ffdec3c6aa9892f94d1a2148e54084a5ef03712b1b1b921287ea134f84","3559","2025-11-01T07:38:00.0000000Z"
"scripts/g5/remove-guards.ps1","03b2fef6e5fad6e7457c504fefa2542445f47a3f5c8cec30751b1efbbeae5bc3","627","2025-11-01T07:38:00.0000000Z"
"scripts/g5/repair-protection.ps1","573799cb34b96816c6376d77dc9fe7d4fc9a23018ad77753717c5309ac5cd1f6","991","2025-11-01T07:38:00.0000000Z"
"scripts/g5/restart-containers.ps1","40bd79298734c5f72b40dcd91487c47a5be67f84e4c8d972fe81dc9d59d22fa4","663","2025-11-01T07:38:00.0000000Z"
"scripts/g5/rotate-apply-log.ps1","0a6de25f57ca39011b60d8aa9890154a6af8f514a2b74a63275768a98fe58dcf","3619","2025-11-01T07:38:00.0000000Z"
"scripts/g5/run-auto-patch-and-verify.ps1","ee8b038508b149ac1eb3577de9d1c4b84bfced6e2ade0592f55419894b1fba9c","4477","2025-11-01T07:38:00.0000000Z"
"scripts/g5/run-github-monitor.ps1","f770b1ef02caf66c6d4bf691abb0d3df5a94f29cbc678d87cdc019d471742d19","792","2025-11-01T07:38:00.0000000Z"
"scripts/g5/run-kobong-logger.ps1","8fbed5fa3040d6a582e86c6c9b8f9e14a945e23e7b43a7f05a8ea7bae55f6b9b","470","2025-11-01T07:38:00.0000000Z"
"scripts/g5/run-kobong-orchestrator.ps1","9ef3511f1b2d8e38208c23ea24d31ca0d3331a901df2be39173e0931a0bc0a15","2094","2025-11-01T07:38:00.0000000Z"
"scripts/g5/run-orch-shells-win.ps1","ea7cfd1a1e93817c88bee4ff73c91c4c8282bde2628f28a265144d5d2c37eaec","948","2025-11-01T07:38:00.0000000Z"
"scripts/g5/Run-OrchMon-5183-5193.ps1","178c0bdfe083afbd2fe2d450377333729dc98ec0e1eac83c1058969104f70f46","3896","2025-11-01T07:38:00.0000000Z"
"scripts/g5/run-pr-complete.ps1","5d486fa9bc0bd20accc20827ff3a668c4b3ee9d58c4a0c12381f787628f508e3","1201","2025-11-01T07:38:00.0000000Z"
"scripts/g5/run-public-badge-sync.ps1","4dcb54febbaa0f97e43fd6ec23374f9ecdecd0054ee0897f54a59e71386933ac","881","2025-11-01T07:38:00.0000000Z"
"scripts/g5/run-static-web.ps1","abb5688206a4e51c4a5125fb6dedc1a44e892f7f3f83c33583f4f7d475b88bd1","4393","2025-11-01T07:38:00.0000000Z"
"scripts/g5/run-step4-keep.ps1","372231810bcd6abef38c974a4bddb9855116ec35b8ac966fd18e173dc9f99bf0","1545","2025-11-01T07:38:00.0000000Z"
"scripts/g5/run-watchdog.ps1","3a16c1ffa270847445ec4a5fffa20db9c834308d4d574818b2b18f748fa45281","3324","2025-11-01T07:38:00.0000000Z"
"scripts/g5/scheduler-tune.ps1","27a9e4b6cc8844e4e43d0d53e38c0f01daaf4890f1cb0d01ac65cb6c7a96917f","1460","2025-11-01T07:38:00.0000000Z"
"scripts/g5/serve-public.ps1","342923c7508f525092db48698672b526aeb62ecd4bd6d831fad015260c886851","4421","2025-11-01T07:38:00.0000000Z"
"scripts/g5/setup-git-hooks.ps1","b3bb14ee75f94550f967b64f374fe713fd6293ac24d1f282f76ae3ec4336a018","182","2025-11-01T07:38:00.0000000Z"
"scripts/g5/shell-status.ps1","7196b04e6a8be228ae17f1e59a5018be8100db7ee5c7cd9cca12d2d2684249e2","1597","2025-11-01T07:38:00.0000000Z"
"scripts/g5/shells/Install-AK7-AutoStart.ps1","1dd338c88125a682790378c6003f966b09c33cd383a2a7a7bd07aad2760b0c26","4251","2025-11-01T07:38:00.0000000Z"
"scripts/g5/shells/run-orch-host-5188.ps1","3128d34e1e7340af5a2254bdfe90825b3620ae285f00ae90ae54a7a59e157d37","5922","2025-11-01T07:38:00.0000000Z"
"scripts/g5/shells/run-orch-shells-host.ps1","f3cb5b4255333d6c774c229e3c3a150e2d29300bb3b10ce0e1716b1d1df071fa","6377","2025-11-01T07:38:00.0000000Z"
"scripts/g5/shells/run-orch-shells-win.ps1","5761c9e0f7e5962bfb7502b516379195d874968bec65ec1a3c0b2e50bd76e704","1061","2025-11-01T07:38:00.0000000Z"
"scripts/g5/shells/stop-orch-shells.ps1","ba8c286685056d257f1d70c4d7fddbe4a609b128045858025be53e64909f38d3","246","2025-11-01T07:38:00.0000000Z"
"scripts/g5/smoke-auto-release.ps1","a2b4db759a504515c76874e4526f355b4fb9616d9f5d7fb222bc9e4f25b71209","2928","2025-11-01T07:38:00.0000000Z"
"scripts/g5/soft-guard.yml","ffd80f9e6fa3eca607a9cb665e76039fdf73e552f187c0c746d6ae2617cfb697","343","2025-11-01T07:38:00.0000000Z"
"scripts/g5/Start-AK7.ps1","19ffe4a02249ca2778e9a7728da2ad62774220773d91e27ac2a1971c223be032","1568","2025-11-01T07:38:00.0000000Z"
"scripts/g5/Start-All-DevMock.ps1","9e535dc025389075d1799c439fff61c36ef21f4521e52de05c03ebed8c93aca0","1820","2025-11-01T07:38:00.0000000Z"
"scripts/g5/Start-ORCH.ps1","a81e926713e5b2289d2bc38e3f1aae47d132c59d871485000bf3644486a4cb83","1526","2025-11-01T07:38:00.0000000Z"
"scripts/g5/status-setup.ps1","46cc8107f70cdc4e07b6f9f87c5abb5ee20ea11d519a8dd799f91ec2c71faff4","1153","2025-11-01T07:38:00.0000000Z"
"scripts/g5/Stop-AK7.ps1","c163169845d6f0fed645e22a2265fc0d9d1b4fcfa39a904d1856a31f00b914f3","248","2025-11-01T07:38:00.0000000Z"
"scripts/g5/Stop-All-DevMock.ps1","aceb14ca9e4e4d0b6e3dc84077d08dc5b4ebd6c073b451452976313f6dd25a78","334","2025-11-01T07:38:00.0000000Z"
"scripts/g5/Stop-ORCH.ps1","95d6a9110697bc23a13a14a4dcbaaac6aa295a9b2ff79da998ab0096bf02c20e","249","2025-11-01T07:38:00.0000000Z"
"scripts/g5/synthetic-pr-workload.ps1","872e43fa7008d95390fcdf526ec0243a61401abaab695932e9373b331f5c631c","8874","2025-11-01T07:38:00.0000000Z"
"scripts/g5/Trace-WorkflowRefs.v3.3.ps1","b1f41690c99e0353d97818dd29627ec9cc833a130ea4043c252dc607761d7449","9138","2025-11-01T07:38:00.0000000Z"
"scripts/g5/UI/deploy-GitHub-Mon-ui.ps1","91122c02897405b054b67572def3fd0f041b79efc23e813627b7ab6dd3caad48","1644","2025-11-01T07:38:00.0000000Z"
"scripts/g5/UI/Install-AK7-AutoStart.ps1","1dd338c88125a682790378c6003f966b09c33cd383a2a7a7bd07aad2760b0c26","4251","2025-11-01T07:38:00.0000000Z"
"scripts/g5/UI/run-GHMON.ps1","a53f79a08bda85f4ef19da3c95bea7b70c77fa0300ac0e8c7a4941dc61092411","2307","2025-11-01T07:38:00.0000000Z"
"scripts/g5/UI/test-GHMON.ps1","6ad6cb7b980300634038b6d374f2c799da3194e499bef7e5e82b9f0d48e37b0f","307","2025-11-01T07:38:00.0000000Z"
"scripts/g5/UI/ui_patch_direct.ps1","05a6e834cd7a242a2d6c2008392d6b8dc7637d9179eb6c84a1483ba229013170","1010","2025-11-01T07:38:00.0000000Z"
"scripts/g5/unprotect-file.ps1","75973aadca8812fcad3e17369c032550c91e1702e257ffe23eab234b27632a73","737","2025-11-01T07:38:00.0000000Z"
"scripts/g5/update-docs-and-inventory.ps1","62ca66ab8cf39f2b1bd7279ead1ddd07a7f835b7deb1c8b90026aed87203fb4f","2177","2025-11-01T07:38:00.0000000Z"
"scripts/g5/verify-housekeeping.ps1","301eb2e778737559ac1643f8f8109ad43c659e75fa7faa27b9b8d108650f8d42","2082","2025-11-01T07:38:00.0000000Z"
"scripts/g5/verify-protection.ps1","a3546d2b274dcca89fd5d57d5dc88843ef1b9c81881daa4e6b1a28584114885f","646","2025-11-01T07:38:00.0000000Z"
"scripts/g5/verify-protection.v2.ps1","4a03b9897f3159ef71cc38f4670eb519b679f07d62a6118603915350a5e1dc1f","1210","2025-11-01T07:38:00.0000000Z"
"scripts/g5/watch-badge-ready.ps1","0e5a82329137f3f1c097fec5372241642c424cb8596ccf727486e5a4fb67c4bc","3667","2025-11-01T07:38:00.0000000Z"
"scripts/g5/watch-readme-badge.ps1","5932401389d034ef318c7e675977fda88b1fc7af5106fa3878ddba5955dcc7a1","3753","2025-11-01T07:38:00.0000000Z"
"scripts/g5/wf-allround-tester.ps1","772b62f93b81bcc3e24263e5a5f077d2093eadcd90ceefc9108705cd6a162ba0","3667","2025-11-01T07:38:00.0000000Z"
"scripts/g5/wf-inventory.ps1","3bb488d8567043b6c6d64a2823a7824791408d3d4cd276f1a2c528ee2d26314e","6338","2025-11-01T07:38:00.0000000Z"
"scripts/health-server.mjs","02656b5bdf91f97d1d229fba3e7b653e40b7ae5071513abdc7b2e18de96ef8d5","612","2025-11-01T07:38:00.0000000Z"
"scripts/lib/kobong-fileio.psm1","1210acf8baf0d035ae9a5e714fd61632255f1776e199408b7c0b89f44484243b","1892","2025-11-01T07:38:00.0000000Z"
"scripts/ui_patch_direct.ps1","2dfaea7740eca6a6d2879aed0748386edd92b38cf8c4935601c4a54015961539","10024","2025-11-01T07:38:00.0000000Z"
"SECURITY.md","73865fc5f32d316d1d22a30325874a1725976fe1e2eb7e1810044deb5b42da24","2463","2025-11-01T07:38:00.0000000Z"
"settings.psd1","2759b5b7f3d635526a07aa22ed6bd3d99a25fde4a5ae5ced0220bed491bb5f0c","543","2025-11-01T07:38:00.0000000Z"
"src/kobong-logger-cli/kobong-logger.psm1","bc3aaddc8866ac02742d931d52d7eab7e8b2b4ae3d8bacff14644e7d5ed33bb7","1470","2025-11-01T07:38:00.0000000Z"
"sts_logo/sts_logo.png","0cbd3985bd62556eea4a528ef0224ead61933aa1f999f2d22b198042f0236194","1460874","2025-11-01T07:38:00.0000000Z"
"tests/contract/_smoke.spec.ts","e1bc57210ed23f6e93c26e0284aaae3b1fe7f2dd610b48491952b1f5d8e28740","420","2025-11-01T07:38:00.0000000Z"
"upgrade-gh-and-hook.ps1","507e86bc2475d8dbf512570134d7233ac64aefb90fa746d3c6dba2a6a8c239da","4460","2025-11-01T07:38:00.0000000Z"
"webui/package-lock.json","3302f5c1a322d736b7ff75787ab25bfe717fe2242c466a9b7a55af6d283f0cab","29150","2025-11-01T07:38:00.0000000Z"
"webui/package.json","9e38ffb5ffc6ae2f7c8e84ad6d9934485e393f3ebdbb0fdc517a9e7e0d8943a3","243","2025-11-01T07:38:00.0000000Z"
"webui/public/__ping_dashboard__.txt","931f68479c8b9c64b57198fb626a27a1858f5805397056ac2bd3ef8bb02cb036","36","2025-11-01T07:38:00.0000000Z"
"webui/public/api/events","fafed493a704f289f9916e041b28ca679209b7cc252ef32785a757a031c4eb9e","90","2025-11-01T07:38:00.0000000Z"
"webui/public/api/metrics","3de2d14208d67249217c0f515cc287f80dbe9e23bb46f76423636ad08081392f","52","2025-11-01T07:38:00.0000000Z"
"webui/public/brand.png","0cbd3985bd62556eea4a528ef0224ead61933aa1f999f2d22b198042f0236194","1460874","2025-11-01T07:38:00.0000000Z"
"webui/public/brand.svg","baa93650429185b35c236d9ad090398abc8ab4f340415fba6c6b0fba9b004371","300","2025-11-01T07:38:00.0000000Z"
"webui/public/css/app.css","832a3e780ca58239f5c335e00e619d396c726eb04e92033bcd640c941f53146a","2838","2025-11-01T07:38:00.0000000Z"
"webui/public/data/gh-monitor.json","cd31e8826d719e5988a478b97fa067faeafcea109e0f58d78189de8518da6b59","932","2025-11-01T07:38:00.0000000Z"
"webui/public/events","fafed493a704f289f9916e041b28ca679209b7cc252ef32785a757a031c4eb9e","90","2025-11-01T07:38:00.0000000Z"
"webui/public/github.html","241ce0bf00043796891105ecd722bb3b68d55b9f06370a941a2047881042f798","5310","2025-11-01T07:38:00.0000000Z"
"webui/public/index.html","fcfee21fdc19bd3153bb0d645f793729157012c8a7911fec68c39ac709bdd6f6","3126","2025-11-01T07:38:00.0000000Z"
"webui/public/js/app.mjs","0c2877f80858a6e7ee07bd24b956b993ff39810e66cd4c0d96e146303ebceb9c","2122","2025-11-01T07:38:00.0000000Z"
"webui/public/js/kb-theme.js","221b1f5f8617a8023ec77b7634a07ee782eac4cdfa8a7684462288a33e98d2b0","1963","2025-11-01T07:38:00.0000000Z"
"webui/public/js/kb-topline.js","7c54b98172670f5cc2cfbac7717e04392ea21e18e00b99890c5e38de7391f176","1797","2025-11-01T07:38:00.0000000Z"
"webui/public/js/metrics.mjs","bd76fe0c247d62010d0f4318ff671b574e21f8d6ab81ade06d2f58dccc3eda05","1634","2025-11-01T07:38:00.0000000Z"
"webui/public/js/sse.mjs","730cffc12d89344544744849182665aa446b01697333cc03657498efec39f892","644","2025-11-01T07:38:00.0000000Z"
"webui/public/js/status.js","4677fd9c24695726bd5c73f189ab0ab8550739aa447c24f620d88e4a79310764","5230","2025-11-01T07:38:00.0000000Z"
"webui/public/js/sts-gh-min.js","9fbe0bc03d4f18e42a250a946e458c79a7ece4cfd37bb86a7931cebdd0892cad","3449","2025-11-01T07:38:00.0000000Z"
"webui/public/js/ui.mjs","057e57555c97075b622caae45acefcffed2295e751182edc659285a987aeecff","860","2025-11-01T07:38:00.0000000Z"
"webui/public/metrics","3de2d14208d67249217c0f515cc287f80dbe9e23bb46f76423636ad08081392f","52","2025-11-01T07:38:00.0000000Z"
"webui/public/status.html","59a0f2c27d6eab658a252824cb47a6d403ac487af20cfc823ba71e1f7cbb28c3","7040","2025-11-01T07:38:00.0000000Z"
"webui/public/sts-kobong-GitHub-min.html","f1fe2fadd477c56b58a300b903ace751b97e009bf43b7569c2e0f9dab9feb6f6","5207","2025-11-01T07:38:00.0000000Z"
"webui/public/widgets/gh-pr-badge.html","ba5ea62831af181dd2d6d42d64bd05aa7e8ec2236fce9c8688945d2743bae336","2105","2025-11-01T07:38:00.0000000Z"
"webui/public/widgets/gh-pr-mini.html","0e8557f713fd6945049642d8a18b27ead7eed1a78aa4dd26124a75b7af4c1447","1580","2025-11-01T07:38:00.0000000Z"
"webui/public/widgets/mini-dashboard.html","62b6ecafbf68a34e521232f2633f0035848efb615e060f81f1cafb13ca2e5d3c","5301","2025-11-01T07:38:00.0000000Z"
"webui/vite.config.mjs","87b769be1baad7855cb8d8009d979abf8809186ca9412cce56219ebc2ec2d20e","322","2025-11-01T07:38:00.0000000Z"
"계획서.md","55a3df105b65708977ef9b818f4d21d82437534456f386e7a4020297d2201fd4","14","2025-11-01T07:38:00.0000000Z"
