[
    {
        "path":  "domain\\contracts\\logging\\v1.schema.json",
        "size":  2286,
        "lastWrite":  "2025-09-08T23:29:20.4745443Z",
        "has_utf8_bom":  true
    },
    {
        "path":  "infra\\logging\\json_logger.py",
        "size":  4894,
        "lastWrite":  "2025-09-12T06:09:50.1869126Z",
        "has_utf8_bom":  true
    },
    {
        "path":  "tests\\contract\\test_logging_contract.py",
        "size":  1031,
        "lastWrite":  "2025-09-08T08:47:55.4186249Z",
        "has_utf8_bom":  true
    },
    {
        "path":  "scripts\\setup-env.ps1",
        "size":  619,
        "lastWrite":  "2025-09-12T05:49:50.6835578Z",
        "has_utf8_bom":  true
    },
    {
        "path":  "scripts\\run-contract-tests.ps1",
        "size":  1130,
        "lastWrite":  "2025-09-12T05:49:50.6855183Z",
        "has_utf8_bom":  true
    }
]